{
  "timestamp": "20250929_215805",
  "model_type": "rf",
  "path": "ml/model_rf.pkl",
  "samples": 1420645,
  "symbols": 3803,
  "top_features": [
    "atr_pct",
    "volatility_20",
    "volatility_10",
    "bb_width",
    "ret_10",
    "sma_slow_rel",
    "sma_fast_rel",
    "ret_5",
    "macd_hist",
    "stoch_d"
  ],
  "validation": {
    "report": {
      "0": {
        "precision": 0.6819636125571523,
        "recall": 0.9999741944807156,
        "f1-score": 0.8109051491422281,
        "support": 193757.0
      },
      "1": {
        "precision": 0.75,
        "recall": 0.00016598061346434736,
        "f1-score": 0.00033188777767944065,
        "support": 90372.0
      },
      "accuracy": 0.6819684016767031,
      "macro avg": {
        "precision": 0.7159818062785761,
        "recall": 0.5000700875470899,
        "f1-score": 0.4056185184599538,
        "support": 284129.0
      },
      "weighted avg": {
        "precision": 0.7036037281595197,
        "recall": 0.6819684016767031,
        "f1-score": 0.5530887109186149,
        "support": 284129.0
      }
    },
    "auc": 0.6141570607388671,
    "brier": 0.20865100537531456,
    "log_loss": 0.6039156537782143,
    "calibrated": true
  },
  "cv_mean_auc": 0.6344003557215587,
  "feature_stats": {
    "ret_1": {
      "mean": 0.0007615577252959454,
      "std": 0.04105114173803153
    },
    "ret_5": {
      "mean": 0.003762037876852411,
      "std": 0.11235225221428674
    },
    "ret_10": {
      "mean": 0.007501834670511136,
      "std": 0.17317401695115342
    },
    "volatility_10": {
      "mean": 0.024816844773380087,
      "std": 0.03280091804111188
    },
    "volatility_20": {
      "mean": 0.025965369157105716,
      "std": 0.03204521627803026
    },
    "atr_pct": {
      "mean": 0.036082364969380616,
      "std": 0.02844796547577358
    },
    "sma_fast_rel": {
      "mean": 0.0016098337430742302,
      "std": 0.062354568518135506
    },
    "sma_slow_rel": {
      "mean": 0.008330943647511382,
      "std": 0.15031234279644928
    },
    "macd_hist": {
      "mean": -0.009446306559051544,
      "std": 36.164048249533934
    },
    "stoch_k": {
      "mean": 50.84041286713929,
      "std": 30.050086996108856
    },
    "stoch_d": {
      "mean": 50.84224829888961,
      "std": 27.93849902699963
    },
    "bb_width": {
      "mean": 0.17370517714395164,
      "std": 0.16711922892287753
    },
    "rsi2": {
      "mean": 50.8618599299309,
      "std": 40.04298275686607
    }
  },
  "horizons": null,
  "class_balance": {
    "positive_rate": 0.3052
  },
  "thresholds_file": "thresholds.json"
}